id,profileId,name,x,y,rotation,aspectratio,scale
7,37,aipango4,348,143,0,1,1
8,37,sun,92,82,0,1,1
23,61,sun,88,410,0,1,1
24,61,heart,76,536,0,1,1
25,61,aipango5,343,609,0,1,1
26,61,aipango2,213,585,0,1,1
29,64,sun,204,461,0.06177696156034962,1,1.7492341211477702
37,102,aipango5,62,591,0,1,1
